timestamp,timeframe,signal,entry_price,strength,smc_status,session,rsi,outcome,exit_price,pnl,pnl_pct,exit_reason,bars_held,risk_reward
2026-02-11 14:17:00,1m,BUY,1.36863,105,NEUTRAL,UNKNOWN,38.97,LOSS,1.36862,-1.0000000000065512e-05,-0.0007306576649690209,SL_HIT,1,2052.9449999865456
2026-02-11 18:24:00,1m,BUY,1.36447,85,NEUTRAL,NEW_YORK,61.47,WIN,1.36581,0.0013399999999998968,0.09820662968038116,TIMEOUT,100,0.0
2026-02-11 18:32:00,1m,BUY,1.36444,85,NEUTRAL,NEW_YORK,57.9,WIN,1.3646,0.00015999999999993797,0.011726422561632463,TIMEOUT,100,0.0
2026-02-11 23:47:00,1m,SELL,1.36255,80,NEUTRAL,OTHER,58.78,LOSS,1.36268,-0.00012999999999996348,-0.009540934277638507,SL_HIT,1,157.2173076923518
2026-02-12 08:05:00,1m,BUY,1.36165,80,NEUTRAL,LONDON,32.18,LOSS,1.36164,-1.0000000000065512e-05,-0.0007344031138740141,SL_HIT,1,2042.4749999866074
2026-02-12 09:02:00,1m,BUY,1.3617,80,NEUTRAL,LONDON,52.9,WIN,1.36322,0.0015200000000001879,0.11162517441434883,TIMEOUT,100,0.0
2026-02-12 13:08:00,1m,BUY,1.36378,80,NEUTRAL,NEW_YORK,44.35,LOSS,1.3635,-0.000280000000000058,-0.020531170716688762,SL_HIT,95,73.05964285712692
2026-02-12 13:17:00,1m,BUY,1.3645,95,NEUTRAL,NEW_YORK,70.65,LOSS,1.3635,-0.001000000000000112,-0.0732869182850943,SL_HIT,86,20.46749999999757
2026-02-12 15:53:00,1m,SELL,1.36484,80,NEUTRAL,NEW_YORK,55.98,LOSS,1.3652,-0.00035999999999991594,-0.026376718150106677,SL_HIT,16,56.86833333334648
2026-02-12 15:55:00,1m,SELL,1.36483,80,NEUTRAL,NEW_YORK,55.38,LOSS,1.3652,-0.00036999999999998145,-0.027109603393827907,SL_HIT,14,55.330945945948656
2026-02-12 15:56:00,1m,SELL,1.36482,80,NEUTRAL,NEW_YORK,55.14,LOSS,1.3652,-0.00038000000000004697,-0.027842499377210693,SL_HIT,13,53.87447368420386
2026-02-12 15:57:00,1m,SELL,1.36482,80,NEUTRAL,NEW_YORK,55.14,LOSS,1.3652,-0.00038000000000004697,-0.027842499377210693,SL_HIT,12,53.87447368420386
2026-02-12 16:16:00,1m,SELL,1.36504,80,NEUTRAL,NEW_YORK,52.05,LOSS,1.36574,-0.0006999999999999229,-0.05128054855534804,SL_HIT,10,29.25085714286026
2026-02-12 20:04:00,1m,BUY,1.36205,80,NEUTRAL,OTHER,46.34,LOSS,1.36182,-0.00022999999999995246,-0.016886311075214013,SL_HIT,2,88.82934782610458
2026-02-12 23:31:00,1m,BUY,1.3618299999999999,80,NEUTRAL,OTHER,46.55,LOSS,1.36143,-0.00039999999999995595,-0.02937224176291872,SL_HIT,28,51.06862500000538
2026-02-13 01:59:00,1m,BUY,1.36174,80,NEUTRAL,ASIAN,45.09,LOSS,1.36162,-0.00011999999999989797,-0.008812254909152847,SL_HIT,44,170.21750000014384
2026-02-13 13:03:00,1m,BUY,1.36185,80,NEUTRAL,NEW_YORK,49.17,LOSS,1.36145,-0.00039999999999995595,-0.0293718104049606,SL_HIT,5,51.069375000005266
2026-02-13 13:41:00,1m,BUY,1.36091,85,NEUTRAL,NEW_YORK,46.29,LOSS,1.36055,-0.000360000000000138,-0.026452888141033425,SL_HIT,8,56.70458333331115
2026-02-13 19:17:00,1m,SELL,1.36473,80,NEUTRAL,NEW_YORK,56.49,LOSS,1.36555,-0.0008200000000000429,-0.06008514504700878,SL_HIT,35,24.964573170730386
2026-02-13 21:42:00,1m,BUY,1.36459,80,NEUTRAL,OTHER,34.19,LOSS,1.36457,-1.999999999990898e-05,-0.001465641694568257,SL_HIT,1,1023.4425000046513
2026-02-16 02:41:00,1m,BUY,1.36449,80,NEUTRAL,ASIAN,51.67,LOSS,1.36419,-0.00029999999999996696,-0.021986236615876037,SL_HIT,16,68.22450000000713
