asset_class,asset,timeframe,strength,profit_factor,total_trades,win_rate,total_return_pct,max_drawdown_pct,summary_path
crypto,TRUMP_USDT,1m,70,111.67,4,75.0,9.96,9.38,backtests\archive\20260216_pre_global_sweep\crypto_spec_sweep_20260216_174151\Strength_70\TF_1m\bt_TRUMP_USDT_1m_20260216_174255\summary.json
crypto,TRUMP_USDT,1m,80,59.78,3,66.67,-0.45,0.99,backtests\archive\20260216_pre_global_sweep\crypto_spec_sweep_20260216_174151\Strength_80\TF_1m\bt_TRUMP_USDT_1m_20260216_174337\summary.json
crypto,TRUMP_USDT,1m,60,9.1,8,62.5,61.6,38.53,backtests\archive\20260216_pre_global_sweep\crypto_spec_sweep_20260216_174151\Strength_60\TF_1m\bt_TRUMP_USDT_1m_20260216_174213\summary.json
crypto,DOGE_USDT,1m,70,2.69,10,50.0,0.46,5.28,backtests\archive\20260216_pre_global_sweep\crypto_spec_sweep_20260216_174151\Strength_70\TF_1m\bt_DOGE_USDT_1m_20260216_174235\summary.json
crypto,DOGE_USDT,1m,60,2.46,18,44.44,0.73,10.15,backtests\archive\20260216_pre_global_sweep\crypto_spec_sweep_20260216_174151\Strength_60\TF_1m\bt_DOGE_USDT_1m_20260216_174151\summary.json
crypto,DOGE_USDT,1m,80,1.83,7,28.57,0.46,5.28,backtests\archive\20260216_pre_global_sweep\crypto_spec_sweep_20260216_174151\Strength_80\TF_1m\bt_DOGE_USDT_1m_20260216_174313\summary.json
crypto,BTC_USDT,1m,,1.05,249,29.72,-148.94,148.94,backtests\bt_BTC_USDT_1m_20260216_073637\summary.json
forex_cross,EURAUD,1m,80,1.96,7,28.57,-5.0,5.0,backtests\archive\20260216_pre_global_sweep\fx_crosses_sweep_20260216_153738\Strength_80\TF_1m\bt_EURAUD_1m_20260216_161257\summary.json
forex_cross,EURAUD,1m,60,1.03,69,23.19,-53.0,53.0,backtests\archive\20260216_pre_global_sweep\fx_crosses_sweep_20260216_153738\Strength_60\TF_1m\bt_EURAUD_1m_20260216_154752\summary.json
forex_cross,EURAUD,1m,70,0.54,38,18.42,-31.0,31.0,backtests\archive\20260216_pre_global_sweep\fx_crosses_sweep_20260216_153738\Strength_70\TF_1m\bt_EURAUD_1m_20260216_160320\summary.json
forex_cross,CADJPY,1m,60,0.35,66,18.18,-54.0,54.0,backtests\archive\20260216_pre_global_sweep\fx_crosses_sweep_20260216_153738\Strength_60\TF_1m\bt_CADJPY_1m_20260216_153738\summary.json
forex_cross,CADJPY,1m,80,0.32,13,15.38,-11.0,11.0,backtests\archive\20260216_pre_global_sweep\fx_crosses_sweep_20260216_153738\Strength_80\TF_1m\bt_CADJPY_1m_20260216_160618\summary.json
forex_cross,CADJPY,1m,70,0.27,47,14.89,-40.0,40.0,backtests\archive\20260216_pre_global_sweep\fx_crosses_sweep_20260216_153738\Strength_70\TF_1m\bt_CADJPY_1m_20260216_155348\summary.json
forex_cross,GBPJPY,1m,70,0.13,39,10.26,-35.0,35.0,backtests\archive\20260216_pre_global_sweep\fx_crosses_sweep_20260216_153738\Strength_70\TF_1m\bt_GBPJPY_1m_20260216_155709\summary.json
forex_cross,GBPJPY,1m,60,0.11,57,12.28,-50.0,50.0,backtests\archive\20260216_pre_global_sweep\fx_crosses_sweep_20260216_153738\Strength_60\TF_1m\bt_GBPJPY_1m_20260216_154106\summary.json
forex_cross,GBPJPY,1m,80,0.07,10,10.0,-9.0,9.0,backtests\archive\20260216_pre_global_sweep\fx_crosses_sweep_20260216_153738\Strength_80\TF_1m\bt_GBPJPY_1m_20260216_160824\summary.json
forex_cross,EURAUD,5m,60,6.81,7,42.86,-4.0,4.0,backtests\archive\20260216_pre_global_sweep\fx_crosses_sweep_20260216_153738\Strength_60\TF_5m\bt_EURAUD_5m_20260216_155324\summary.json
forex_cross,CADJPY,5m,60,0.43,14,14.29,-12.0,12.0,backtests\archive\20260216_pre_global_sweep\fx_crosses_sweep_20260216_153738\Strength_60\TF_5m\bt_CADJPY_5m_20260216_155143\summary.json
forex_cross,GBPJPY,5m,70,0.08,3,33.33,-2.0,2.0,backtests\archive\20260216_pre_global_sweep\fx_crosses_sweep_20260216_153738\Strength_70\TF_5m\bt_GBPJPY_5m_20260216_160527\summary.json
forex_cross,GBPJPY,5m,60,0.05,4,25.0,-3.0,3.0,backtests\archive\20260216_pre_global_sweep\fx_crosses_sweep_20260216_153738\Strength_60\TF_5m\bt_GBPJPY_5m_20260216_155220\summary.json
forex_cross,CADJPY,5m,70,0.0,6,0.0,-6.0,6.0,backtests\archive\20260216_pre_global_sweep\fx_crosses_sweep_20260216_153738\Strength_70\TF_5m\bt_CADJPY_5m_20260216_160509\summary.json
forex_cross,EURAUD,5m,80,0.0,3,0.0,-3.0,3.0,backtests\archive\20260216_pre_global_sweep\fx_crosses_sweep_20260216_153738\Strength_80\TF_5m\bt_EURAUD_5m_20260216_161546\summary.json
forex_cross,EURAUD,5m,70,0.0,3,0.0,-3.0,3.0,backtests\archive\20260216_pre_global_sweep\fx_crosses_sweep_20260216_153738\Strength_70\TF_5m\bt_EURAUD_5m_20260216_160603\summary.json
forex_cross,CADJPY,5m,80,0.0,1,0.0,-1.0,1.0,backtests\archive\20260216_pre_global_sweep\fx_crosses_sweep_20260216_153738\Strength_80\TF_5m\bt_CADJPY_5m_20260216_161502\summary.json
forex_major,EURUSD,1m,70,1.75,53,39.62,-32.0,32.0,backtests\archive\20260216_pre_global_sweep\forex_sweep_20260216_150228\Strength_70\TF_1m\bt_EURUSD_1m_20260216_150732\summary.json
forex_major,GBPUSD,1m,70,1.72,40,27.5,-29.0,29.0,backtests\archive\20260216_pre_global_sweep\forex_sweep_20260216_150228\Strength_70\TF_1m\bt_GBPUSD_1m_20260216_150950\summary.json
forex_major,USDCHF,1m,80,1.64,25,32.0,-17.0,17.0,backtests\archive\20260216_pre_global_sweep\fx_crosses_sweep_20260216_153738\Strength_80\TF_1m\bt_USDCHF_1m_20260216_161030\summary.json
forex_major,GBPUSD,1m,60,1.36,80,23.75,-61.0,61.0,backtests\archive\20260216_pre_global_sweep\forex_sweep_20260216_150228\Strength_60\TF_1m\bt_GBPUSD_1m_20260216_150549\summary.json
forex_major,EURUSD,1m,80,1.35,27,40.74,-16.0,16.0,backtests\archive\20260216_pre_global_sweep\forex_sweep_20260216_150228\Strength_80\TF_1m\bt_EURUSD_1m_20260216_151130\summary.json
forex_major,USDCHF,1m,60,0.99,93,20.43,-74.0,74.0,backtests\archive\20260216_pre_global_sweep\fx_crosses_sweep_20260216_153738\Strength_60\TF_1m\bt_USDCHF_1m_20260216_154450\summary.json
forex_major,EURUSD,1m,60,0.96,97,29.9,-68.0,68.0,backtests\archive\20260216_pre_global_sweep\forex_sweep_20260216_150228\Strength_60\TF_1m\bt_EURUSD_1m_20260216_150228\summary.json
forex_major,USDCHF,1m,70,0.96,53,22.64,-41.0,41.0,backtests\archive\20260216_pre_global_sweep\fx_crosses_sweep_20260216_153738\Strength_70\TF_1m\bt_USDCHF_1m_20260216_160018\summary.json
forex_major,GBPUSD,1m,80,0.48,21,14.29,-18.0,18.0,backtests\archive\20260216_pre_global_sweep\forex_sweep_20260216_150228\Strength_80\TF_1m\bt_GBPUSD_1m_20260216_151344\summary.json
forex_major,USDJPY,1m,80,0.24,11,18.18,-9.0,9.0,backtests\archive\20260216_pre_global_sweep\forex_sweep_20260216_150228\Strength_80\TF_1m\bt_USDJPY_1m_20260216_151236\summary.json
forex_major,USDJPY,1m,60,0.23,61,11.48,-54.0,54.0,backtests\archive\20260216_pre_global_sweep\forex_sweep_20260216_150228\Strength_60\TF_1m\bt_USDJPY_1m_20260216_150432\summary.json
forex_major,USDJPY,1m,70,0.2,44,13.64,-38.0,38.0,backtests\archive\20260216_pre_global_sweep\forex_sweep_20260216_150228\Strength_70\TF_1m\bt_USDJPY_1m_20260216_150842\summary.json
forex_major,EURUSD,5m,80,4.71,3,33.33,-2.0,2.0,backtests\archive\20260216_pre_global_sweep\forex_sweep_20260216_150228\Strength_80\TF_5m\bt_EURUSD_5m_20260216_151453\summary.json
forex_major,USDJPY,5m,60,3.67,9,55.56,-4.0,4.0,backtests\archive\20260216_pre_global_sweep\forex_sweep_20260216_150228\Strength_60\TF_5m\bt_USDJPY_5m_20260216_150710\summary.json
forex_major,USDJPY,5m,80,1.84,3,33.33,-2.0,2.0,backtests\archive\20260216_pre_global_sweep\forex_sweep_20260216_150228\Strength_80\TF_5m\bt_USDJPY_5m_20260216_151504\summary.json
forex_major,GBPUSD,5m,70,1.63,6,33.33,-4.0,4.0,backtests\archive\20260216_pre_global_sweep\forex_sweep_20260216_150228\Strength_70\TF_5m\bt_GBPUSD_5m_20260216_151119\summary.json
forex_major,USDJPY,5m,70,1.52,6,33.33,-4.0,4.0,backtests\archive\20260216_pre_global_sweep\forex_sweep_20260216_150228\Strength_70\TF_5m\bt_USDJPY_5m_20260216_151108\summary.json
forex_major,EURUSD,5m,70,1.3,6,33.33,-4.0,4.0,backtests\archive\20260216_pre_global_sweep\forex_sweep_20260216_150228\Strength_70\TF_5m\bt_EURUSD_5m_20260216_151058\summary.json
forex_major,GBPUSD,5m,60,0.6,13,15.38,-11.0,11.0,backtests\archive\20260216_pre_global_sweep\forex_sweep_20260216_150228\Strength_60\TF_5m\bt_GBPUSD_5m_20260216_150720\summary.json
forex_major,EURUSD,5m,60,0.6,9,22.22,-7.0,7.0,backtests\archive\20260216_pre_global_sweep\forex_sweep_20260216_150228\Strength_60\TF_5m\bt_EURUSD_5m_20260216_150701\summary.json
forex_major,USDCHF,5m,60,0.0,8,0.0,-8.0,8.0,backtests\archive\20260216_pre_global_sweep\fx_crosses_sweep_20260216_153738\Strength_60\TF_5m\bt_USDCHF_5m_20260216_155248\summary.json
forex_major,USDCHF,5m,70,0.0,6,0.0,-6.0,6.0,backtests\archive\20260216_pre_global_sweep\fx_crosses_sweep_20260216_153738\Strength_70\TF_5m\bt_USDCHF_5m_20260216_160544\summary.json
forex_major,GBPUSD,5m,80,0.0,3,0.0,-3.0,3.0,backtests\archive\20260216_pre_global_sweep\forex_sweep_20260216_150228\Strength_80\TF_5m\bt_GBPUSD_5m_20260216_151513\summary.json
forex_major,USDCHF,5m,80,0.0,1,0.0,-1.0,1.0,backtests\archive\20260216_pre_global_sweep\fx_crosses_sweep_20260216_153738\Strength_80\TF_5m\bt_USDCHF_5m_20260216_161533\summary.json
metals,XAUEUR,1m,80,3.4,6,50.0,-3.0,3.0,backtests\archive\20260216_pre_global_sweep\metals_strength_sweep_20260216_125610\Strength_80\TF_1m\bt_XAUEUR_1m_20260216_131309\summary.json
metals,XAGUSD,1m,80,1.91,19,36.84,8.61,13.22,backtests\archive\20260216_pre_global_sweep\metals_strength_sweep_20260216_125610\Strength_80\TF_1m\bt_XAGUSD_1m_20260216_130957\summary.json
metals,XAUUSD,1m,,1.11,232,35.34,-101.07,101.07,backtests\archive\20260216_pre_global_sweep\metals_redo_20260216_123540\TF_1m\bt_XAUUSD_1m_20260216_123540\summary.json
metals,XAUUSD,1m,70,0.99,46,39.13,-24.08,24.08,backtests\archive\20260216_pre_global_sweep\metals_strength_sweep_20260216_125610\Strength_70\TF_1m\bt_XAUUSD_1m_20260216_125610\summary.json
metals,XAGUSD,1m,70,0.93,64,32.81,-8.67,15.75,backtests\archive\20260216_pre_global_sweep\metals_strength_sweep_20260216_125610\Strength_70\TF_1m\bt_XAGUSD_1m_20260216_125841\summary.json
metals,XAGUSD,1m,,0.9,226,32.74,237.2,50.77,backtests\archive\20260216_pre_global_sweep\metals_redo_20260216_123540\TF_1m\bt_XAGUSD_1m_20260216_123839\summary.json
metals,XAUEUR,1m,,0.86,217,28.11,-127.14,127.14,backtests\archive\20260216_pre_global_sweep\metals_redo_20260216_123540\TF_1m\bt_XAUEUR_1m_20260216_124118\summary.json
metals,XAUUSD,1m,80,0.76,11,45.45,-6.0,6.0,backtests\archive\20260216_pre_global_sweep\metals_strength_sweep_20260216_125610\Strength_80\TF_1m\bt_XAUUSD_1m_20260216_130637\summary.json
metals,XAUEUR,1m,70,0.56,43,23.26,-28.6,28.6,backtests\archive\20260216_pre_global_sweep\metals_strength_sweep_20260216_125610\Strength_70\TF_1m\bt_XAUEUR_1m_20260216_130145\summary.json
metals,XAUUSD,5m,70,3.39,8,37.5,0.61,5.36,backtests\archive\20260216_pre_global_sweep\metals_strength_sweep_20260216_125610\Strength_70\TF_5m\bt_XAUUSD_5m_20260216_130523\summary.json
metals,XAUUSD,5m,80,3.21,5,20.0,-1.81,2.96,backtests\archive\20260216_pre_global_sweep\metals_strength_sweep_20260216_125610\Strength_80\TF_5m\bt_XAUUSD_5m_20260216_131634\summary.json
metals,XAUEUR,5m,70,2.0,3,66.67,13.49,12.77,backtests\archive\20260216_pre_global_sweep\metals_strength_sweep_20260216_125610\Strength_70\TF_5m\bt_XAUEUR_5m_20260216_130609\summary.json
metals,XAUUSD,5m,,1.67,34,35.29,-9.81,11.0,backtests\archive\20260216_pre_global_sweep\metals_redo_20260216_123540\TF_5m\bt_XAUUSD_5m_20260216_124342\summary.json
metals,XAGUSD,5m,70,1.51,7,42.86,-1.72,2.61,backtests\archive\20260216_pre_global_sweep\metals_strength_sweep_20260216_125610\Strength_70\TF_5m\bt_XAGUSD_5m_20260216_130543\summary.json
metals,XAUEUR,5m,,1.35,20,30.0,7.65,19.05,backtests\archive\20260216_pre_global_sweep\metals_redo_20260216_123540\TF_5m\bt_XAUEUR_5m_20260216_124418\summary.json
metals,XAGUSD,5m,,0.7,36,44.44,10.04,13.09,backtests\archive\20260216_pre_global_sweep\metals_redo_20260216_123540\TF_5m\bt_XAGUSD_5m_20260216_124359\summary.json
metals,XAGUSD,5m,80,0.0,4,0.0,-4.0,4.0,backtests\archive\20260216_pre_global_sweep\metals_strength_sweep_20260216_125610\Strength_80\TF_5m\bt_XAGUSD_5m_20260216_131700\summary.json
